{"cameraMode":{"drawMode":0,"name":"Shaded","section":"Shading Mode"},"sceneLighting":false,"audioPlay":false,"sceneViewState":{"m_AlwaysRefresh":false,"showFog":true,"showSkybox":false,"showFlares":true,"showImageEffects":true,"showParticleSystems":true,"showVisualEffectGraphs":true,"m_FxEnabled":true},"in2DMode":false,"pivot":{"x":-0.12112319469451904,"y":0.1945900022983551,"z":-0.3204750120639801},"rotation":{"x":0.1263056993484497,"y":0.1334914267063141,"z":-0.017155684530735017,"w":0.9828470945358276},"size":0.3464101552963257,"orthographic":false}