{"cameraMode":{"drawMode":0,"name":"Shaded","section":"Shading Mode"},"sceneLighting":false,"audioPlay":false,"sceneViewState":{"m_AlwaysRefresh":false,"showFog":true,"showSkybox":false,"showFlares":true,"showImageEffects":true,"showParticleSystems":true,"showVisualEffectGraphs":true,"m_FxEnabled":true},"in2DMode":false,"pivot":{"x":0.09389466047286987,"y":3.1887001991271974,"z":-1.133617877960205},"rotation":{"x":0.03180381655693054,"y":-0.014682427048683167,"z":0.00042035841033793986,"w":0.9994181394577026},"size":0.952627956867218,"orthographic":false}