{"cameraMode":{"drawMode":0,"name":"Shaded","section":"Shading Mode"},"sceneLighting":true,"audioPlay":false,"sceneViewState":{"m_AlwaysRefresh":false,"showFog":true,"showSkybox":true,"showFlares":true,"showImageEffects":true,"showParticleSystems":true,"showVisualEffectGraphs":true,"m_FxEnabled":true},"in2DMode":false,"pivot":{"x":-1.3440327644348145,"y":7.635165214538574,"z":-24.025121688842775},"rotation":{"x":-0.12227316945791245,"y":-0.13936524093151093,"z":0.017339397221803666,"w":-0.9825341105461121},"size":1.7762422561645508,"orthographic":false}